Domicile,Score_Domicile,Score_Exterieur,Exterieur,Vainqueur,MT_Domicile,MT_Exterieur
Legion,3,4,Kril,Kril,2,3
alosdvxl,3,1,hrk,alosdvxl,3,0
hrk,3,1,Legion,hrk,1,1
Kril,7,4,Mers,Kril,4,2
Mers,4,2,hrk,Mers,3,1
Legion,2,1,alosdvxl,Legion,1,1
alosdvxl,7,1,Mers,alosdvxl,2,1
hrk,2,6,Kril,Kril,0,4
Kril,4,7,alosdvxl,alosdvxl,3,3
Mers,2,1,Legion,Mers,1,1
Kril,3,1,Legion,Kril,2,0
hrk,5,4,alosdvxl,hrk,4,2
Legion,0,5,hrk,hrk,0,3
Mers,4,2,Kril,Mers,1,0
hrk,4,4,Mers,Draw,2,2
alosdvxl,6,0,Legion,alosdvxl,4,0
Mers,4,4,alosdvxl,Draw,3,3
Kril,2,2,hrk,Draw,1,1
alosdvxl,4,6,Kril,Kril,3,3
Legion,1,3,Mers,Mers,0,2
Legion,3,4,Kril,Kril,,
alosdvxl,3,1,hrk,alosdvxl,,
hrk,3,1,Legion,hrk,,
Kril,7,4,Mers,Kril,,
Mers,4,2,hrk,Mers,,
Legion,2,1,alosdvxl,Legion,,
alosdvxl,7,1,Mers,alosdvxl,,
hrk,2,6,Kril,Kril,,
Kril,4,7,alosdvxl,alosdvxl,,
Mers,2,1,Legion,Mers,,
Kril,3,1,Legion,Kril,,
hrk,5,4,alosdvxl,hrk,,
Legion,0,5,hrk,hrk,,
Mers,4,2,Kril,Mers,,
hrk,4,4,Mers,Draw,,
alosdvxl,6,0,Legion,alosdvxl,,
Mers,4,4,alosdvxl,Draw,,
Kril,2,2,hrk,Draw,,
alosdvxl,4,6,Kril,Kril,,
Legion,1,3,Mers,Mers,,
Gula14,1,3,Koss,Koss,1,0
Stasyan,2,3,Sheva,Sheva,2,3
Sheva,3,1,Gula14,Sheva,2,0
Koss,3,3,Mapiston,Draw,1,2
Mapiston,4,2,Sheva,Mapiston,2,1
Gula14,4,1,Stasyan,Gula14,3,1
Stasyan,4,1,Mapiston,Stasyan,1,0
Sheva,2,2,Koss,Draw,1,0
Koss,3,2,Stasyan,Koss,2,1
Mapiston,1,1,Gula14,Draw,0,1
Koss,1,1,Gula14,Draw,0,0
Sheva,4,2,Stasyan,Sheva,3,1
Gula14,3,2,Sheva,Gula14,3,1
Mapiston,3,0,Koss,Mapiston,1,0
Sheva,1,0,Mapiston,Sheva,1,0
Stasyan,1,1,Gula14,Draw,1,0
Mapiston,2,0,Stasyan,Mapiston,0,0
Koss,3,3,Sheva,Draw,0,0
Stasyan,1,4,Koss,Koss,0,2
Gula14,1,2,Mapiston,Mapiston,1,0
fantazer,2,0,Groma,fantazer,2,0
pimchik,1,3,Profik,Profik,1,1
Profik,2,1,fantazer,Profik,1,0
Groma,2,1,L1genda,Groma,1,0
L1genda,1,4,Profik,Profik,0,2
fantazer,3,1,pimchik,fantazer,1,1
pimchik,3,0,L1genda,pimchik,0,0
Profik,2,1,Groma,Profik,2,0
Groma,4,1,pimchik,Groma,3,1
L1genda,1,2,fantazer,fantazer,1,1
Groma,4,2,fantazer,Groma,3,2
Profik,2,2,pimchik,Draw,1,1
fantazer,4,3,Profik,fantazer,3,1
L1genda,2,3,Groma,Groma,1,2
Profik,0,0,L1genda,Draw,0,0
pimchik,1,1,fantazer,Draw,0,0
L1genda,0,2,pimchik,pimchik,0,1
Groma,2,2,Profik,Draw,1,2
pimchik,0,2,Groma,Groma,0,1
fantazer,4,1,L1genda,fantazer,3,1
alosdvxl,3,3,kirman,Draw,2,1
Dan_dragonio,7,5,Kril,Dan_dragonio,5,2
Dan_dragonio,2,6,alosdvxl,alosdvxl,2,3
Kril,6,6,kirman,Draw,3,4
kirman,7,2,Dan_dragonio,kirman,4,0
Kril,5,3,alosdvxl,Kril,3,2
alosdvxl,2,5,kirman,kirman,0,3
Dan_dragonio,4,4,Kril,Draw,2,3
Dan_dragonio,5,3,alosdvxl,Dan_dragonio,3,2
Kril,2,7,kirman,kirman,1,3
kirman,5,4,Dan_dragonio,kirman,3,3
Kril,4,3,alosdvxl,Kril,3,2
alosdvxl,4,4,kirman,Draw,1,1
Dan_dragonio,0,5,Kril,Kril,0,3
Dan_dragonio,7,4,alosdvxl,Dan_dragonio,4,2
Kril,5,2,kirman,Kril,3,1
kirman,8,2,Dan_dragonio,kirman,4,2
Kril,6,3,alosdvxl,Kril,3,2
Mapiston,0,1,L1genda,L1genda,0,1
Dreamer,2,4,Bob,Bob,0,2
Bob,5,4,Mapiston,Bob,3,3
L1genda,0,2,Gula14,Gula14,0,2
Gula14,2,1,Bob,Gula14,1,1
Mapiston,2,2,Dreamer,Draw,0,0
Dreamer,2,1,Gula14,Dreamer,2,1
Bob,0,1,L1genda,L1genda,0,0
L1genda,5,1,Dreamer,L1genda,2,1
Gula14,3,0,Mapiston,Gula14,1,0
L1genda,1,1,Mapiston,Draw,0,0
Bob,3,1,Dreamer,Bob,2,0
Mapiston,0,2,Bob,Bob,0,1
Gula14,2,5,L1genda,L1genda,1,2
Bob,6,2,Gula14,Bob,3,1
Dreamer,3,1,Mapiston,Dreamer,2,0
Gula14,1,0,Dreamer,Gula14,0,0
L1genda,1,3,Bob,Bob,0,3
Dreamer,5,1,L1genda,Dreamer,2,1
Mapiston,0,2,Gula14,Gula14,0,2
pimchik,1,4,Senya,Senya,1,2
Profik,3,3,Kostolom89,Draw,3,0
Kostolom89,1,2,pimchik,pimchik,1,2
Senya,1,4,fantazer,fantazer,1,3
fantazer,3,2,Kostolom89,fantazer,0,0
pimchik,2,3,Profik,Profik,1,3
Profik,1,3,fantazer,fantazer,1,2
Kostolom89,1,2,Senya,Senya,0,2
Senya,2,2,Profik,Draw,1,1
fantazer,2,0,pimchik,fantazer,2,0
Senya,1,3,pimchik,pimchik,0,0
Kostolom89,2,3,Profik,Profik,0,1
pimchik,3,6,Kostolom89,Kostolom89,1,3
fantazer,2,2,Senya,Draw,2,1
Kostolom89,0,1,fantazer,fantazer,0,0
Profik,0,1,pimchik,pimchik,0,1
fantazer,1,3,Profik,Profik,0,2
Senya,1,2,Kostolom89,Kostolom89,0,1
Profik,5,4,Senya,Profik,3,2
pimchik,3,1,fantazer,pimchik,1,1
hrk,2,1,Kril,hrk,,
alosdvxl,2,4,kirman,kirman,,
kirman,3,3,hrk,Draw,,
Kril,5,6,Legion,Legion,,
Legion,3,4,kirman,kirman,,
hrk,7,5,alosdvxl,hrk,,
alosdvxl,1,4,Legion,Legion,,
kirman,5,2,Kril,kirman,,
Kril,5,2,alosdvxl,Kril,,
Legion,1,3,hrk,hrk,,
Kril,5,2,hrk,Kril,,
kirman,3,5,alosdvxl,alosdvxl,,
hrk,2,2,kirman,Draw,,
Legion,2,7,Kril,Kril,,
kirman,2,2,Legion,Draw,,
alosdvxl,5,2,hrk,alosdvxl,,
Legion,3,2,alosdvxl,Legion,,
Kril,1,8,kirman,kirman,,
alosdvxl,5,8,Kril,Kril,,
hrk,3,3,Legion,Draw,,
Profik,2,2,Dreamer,Draw,,
L1genda,1,1,Gula14,Draw,,
Gula14,1,2,Profik,Profik,,
Dreamer,4,3,Senya,Dreamer,,
Senya,2,2,Gula14,Draw,,
Profik,2,2,L1genda,Draw,,
L1genda,3,3,Senya,Draw,,
Gula14,0,3,Dreamer,Dreamer,,
Dreamer,1,4,L1genda,L1genda,,
Senya,3,2,Profik,Senya,,
Dreamer,1,3,Profik,Profik,,
Gula14,1,1,L1genda,Draw,,
Profik,1,1,Gula14,Draw,,
Senya,4,3,Dreamer,Senya,,
Gula14,2,2,Senya,Draw,,
L1genda,2,1,Profik,L1genda,,
Senya,3,2,L1genda,Senya,,
Dreamer,2,0,Gula14,Dreamer,,
L1genda,2,3,Dreamer,Dreamer,,
Profik,7,3,Senya,Profik,,
Stasyan,0,1,fantazer,fantazer,,
Andrew,0,1,bucho55,bucho55,,
bucho55,4,4,Stasyan,Draw,,
fantazer,2,2,Sheva,Draw,,
Sheva,5,1,bucho55,Sheva,,
Stasyan,4,4,Andrew,Draw,,
Andrew,2,3,Sheva,Sheva,,
bucho55,2,4,fantazer,fantazer,,
fantazer,1,2,Andrew,Andrew,,
Sheva,2,2,Stasyan,Draw,,
fantazer,2,4,Stasyan,Stasyan,,
bucho55,2,2,Andrew,Draw,,
Stasyan,4,4,bucho55,Draw,,
Sheva,2,2,fantazer,Draw,,
bucho55,2,1,Sheva,bucho55,,
Andrew,1,1,Stasyan,Draw,,
Sheva,5,4,Andrew,Sheva,,
fantazer,5,3,bucho55,fantazer,,
Andrew,1,3,fantazer,fantazer,,
Stasyan,1,4,Sheva,Sheva,,
hrk,0,2,Kril,Kril,,
Legion,3,3,kirman,Draw,,
kirman,2,5,hrk,hrk,,
Kril,5,4,Dan_dragonio,Kril,,
Dan_dragonio,1,10,kirman,kirman,,
hrk,6,2,Legion,hrk,,
Legion,3,5,Dan_dragonio,Dan_dragonio,,
kirman,2,5,Kril,Kril,,
Kril,6,2,Legion,Kril,,
Dan_dragonio,6,5,hrk,Dan_dragonio,,
Kril,1,2,hrk,hrk,,
kirman,6,1,Legion,kirman,,
hrk,0,2,kirman,kirman,,
Dan_dragonio,7,5,Kril,Dan_dragonio,,
kirman,9,4,Dan_dragonio,kirman,,
Legion,2,3,hrk,hrk,,
Dan_dragonio,1,4,Legion,Legion,,
Kril,1,9,kirman,kirman,,
Legion,4,4,Kril,Draw,,
hrk,6,0,Dan_dragonio,hrk,,
Stasyan,2,0,Koss,Stasyan,,
Mapiston,1,2,Sheva,Sheva,,
Sheva,3,3,Stasyan,Draw,,
Koss,1,3,Bob,Bob,,
Bob,2,2,Sheva,Draw,,
Stasyan,2,4,Mapiston,Mapiston,,
Mapiston,3,3,Bob,Draw,,
Sheva,1,3,Koss,Koss,,
Koss,2,1,Mapiston,Koss,,
Bob,1,5,Stasyan,Stasyan,,
Koss,5,2,Stasyan,Koss,,
Sheva,2,3,Mapiston,Mapiston,,
Stasyan,2,4,Sheva,Sheva,,
Bob,2,1,Koss,Bob,,
Sheva,5,3,Bob,Sheva,,
Mapiston,5,1,Stasyan,Mapiston,,
Bob,3,2,Mapiston,Bob,,
Koss,0,3,Sheva,Sheva,,
Mapiston,3,2,Koss,Mapiston,,
Stasyan,3,5,Bob,Bob,,
Senya,2,3,L1genda,L1genda,,
Andrew,2,1,fantazer,Andrew,,
fantazer,4,2,Senya,fantazer,,
L1genda,1,2,Profik,Profik,,
Profik,1,2,fantazer,fantazer,,
Senya,4,5,Andrew,Andrew,,
Andrew,2,1,Profik,Andrew,,
fantazer,2,0,L1genda,fantazer,,
L1genda,0,3,Andrew,Andrew,,
Profik,1,2,Senya,Senya,,
L1genda,4,1,Senya,L1genda,,
fantazer,3,0,Andrew,fantazer,,
Senya,3,4,fantazer,fantazer,,
Profik,1,1,L1genda,Draw,,
fantazer,1,3,Profik,Profik,,
Andrew,2,3,Senya,Senya,,
Profik,2,4,Andrew,Andrew,,
L1genda,2,4,fantazer,fantazer,,
Andrew,2,3,L1genda,L1genda,,
Senya,3,4,Profik,Profik,,
hrk,2,2,Kril,Draw,,
Legion,4,2,kirman,Legion,,
kirman,3,1,hrk,kirman,,
Kril,5,4,Radahn,Kril,,
Radahn,5,1,kirman,Radahn,,
hrk,2,1,Legion,hrk,,
Legion,4,4,Radahn,Draw,,
kirman,2,2,Kril,Draw,,
Kril,7,7,Legion,Draw,,
Radahn,5,4,hrk,Radahn,,
Kril,3,3,hrk,Draw,,
kirman,6,3,Legion,kirman,,
hrk,2,1,kirman,hrk,,
Radahn,1,1,Kril,Draw,,
kirman,3,5,Radahn,Radahn,,
Legion,3,2,hrk,Legion,,
Profik,0,4,Koss,Koss,,
Dreamer,2,1,L1genda,Dreamer,,
L1genda,1,3,Profik,Profik,,
Koss,1,2,Stasyan,Stasyan,,
Stasyan,3,3,L1genda,Draw,,
Profik,3,2,Dreamer,Profik,,
Dreamer,3,2,Stasyan,Dreamer,,
L1genda,3,3,Koss,Draw,,
Koss,3,3,Dreamer,Draw,,
Stasyan,1,1,Profik,Draw,,
Koss,3,3,Profik,Draw,,
L1genda,0,2,Dreamer,Dreamer,,
Profik,3,3,L1genda,Draw,,
Stasyan,2,3,Koss,Koss,,
L1genda,1,0,Stasyan,L1genda,,
Dreamer,4,1,Profik,Dreamer,,
Stasyan,0,0,Dreamer,Draw,,
Koss,1,2,L1genda,L1genda,,
Dreamer,1,5,Koss,Koss,,
Profik,4,0,Stasyan,Profik,,
Kolesya,1,3,bucho55,bucho55,,
Yerema,0,2,fantazer,fantazer,,
fantazer,3,4,Kolesya,Kolesya,,
bucho55,1,1,Sheva,Draw,,
Sheva,1,1,fantazer,Draw,,
Kolesya,4,2,Yerema,Kolesya,,
Yerema,3,4,Sheva,Sheva,,
fantazer,3,1,bucho55,fantazer,,
bucho55,4,1,Yerema,bucho55,,
Sheva,2,0,Kolesya,Sheva,,
bucho55,3,2,Kolesya,bucho55,,
fantazer,4,1,Yerema,fantazer,,
Kolesya,3,3,fantazer,Draw,,
Sheva,4,1,bucho55,Sheva,,
fantazer,3,5,Sheva,Sheva,,
Yerema,3,5,Kolesya,Kolesya,,
Sheva,5,3,Yerema,Sheva,,
bucho55,0,2,fantazer,fantazer,,
Yerema,3,6,bucho55,bucho55,,
Kolesya,3,5,Sheva,Sheva,,
Dan_dragonio,5,7,alosdvxl,alosdvxl,,
Legion,4,4,kirman,Draw,,
kirman,9,8,Dan_dragonio,kirman,,
alosdvxl,6,2,Radahn,alosdvxl,,
Radahn,3,3,kirman,Draw,,
Dan_dragonio,3,4,Legion,Legion,,
Legion,3,5,Radahn,Radahn,,
kirman,10,3,alosdvxl,kirman,,
alosdvxl,4,2,Legion,alosdvxl,,
Radahn,3,3,Dan_dragonio,Draw,,
alosdvxl,6,5,Dan_dragonio,alosdvxl,,
kirman,3,3,Legion,Draw,,
Dan_dragonio,3,9,kirman,kirman,,
Radahn,4,4,alosdvxl,Draw,,
kirman,3,3,Radahn,Draw,,
Legion,4,1,Dan_dragonio,Legion,,
Radahn,4,3,Legion,Radahn,,
alosdvxl,7,6,kirman,alosdvxl,,
Legion,1,6,alosdvxl,alosdvxl,,
Dan_dragonio,2,4,Radahn,Radahn,,
Gula14,1,0,Profik,Gula14,,
bucho55,1,5,Kolesya,Kolesya,,
Kolesya,2,3,Gula14,Gula14,,
Profik,4,4,Senya,Draw,,
Senya,2,4,Kolesya,Kolesya,,
Gula14,3,2,bucho55,Gula14,,
bucho55,3,4,Senya,Senya,,
Kolesya,3,4,Profik,Profik,,
Profik,3,1,bucho55,Profik,,
Senya,0,0,Gula14,Draw,,
Profik,1,1,Gula14,Draw,,
Kolesya,3,4,bucho55,bucho55,,
Gula14,1,2,Kolesya,Kolesya,,
Senya,0,2,Profik,Profik,,
Kolesya,4,2,Senya,Kolesya,,
bucho55,1,2,Gula14,Gula14,,
Senya,3,5,bucho55,bucho55,,
Profik,0,1,Kolesya,Kolesya,,
bucho55,4,2,Profik,bucho55,,
Gula14,1,2,Senya,Senya,,
Bob,5,0,Mapiston,Bob,,
Yerema,5,4,Dreamer,Yerema,,
Dreamer,3,3,Bob,Draw,,
Mapiston,2,2,Koss,Draw,,
Koss,2,3,Dreamer,Dreamer,,
Bob,5,3,Yerema,Bob,,
Yerema,4,1,Koss,Yerema,,
Dreamer,1,5,Mapiston,Mapiston,,
Mapiston,3,3,Yerema,Draw,,
Koss,3,4,Bob,Bob,,
Mapiston,3,1,Bob,Mapiston,,
Dreamer,2,4,Yerema,Yerema,,
Bob,2,0,Dreamer,Bob,,
Koss,4,2,Mapiston,Koss,,
Dreamer,4,4,Koss,Draw,,
Yerema,1,4,Bob,Bob,,
Koss,4,5,Yerema,Yerema,,
Mapiston,2,0,Dreamer,Mapiston,,
Yerema,2,4,Mapiston,Mapiston,,
Bob,4,3,Koss,Bob,,
Dan_dragonio,9,6,alosdvxl,Dan_dragonio,,
hrk,3,2,kirman,hrk,,
kirman,2,2,Dan_dragonio,Draw,,
alosdvxl,2,6,Mers,Mers,,
Mers,3,7,kirman,kirman,,
Dan_dragonio,7,2,hrk,Dan_dragonio,,
hrk,3,2,Mers,hrk,,
kirman,6,3,alosdvxl,kirman,,
alosdvxl,1,3,hrk,hrk,,
Mers,5,4,Dan_dragonio,Mers,,
alosdvxl,2,5,Dan_dragonio,Dan_dragonio,,
kirman,5,2,hrk,kirman,,
Dan_dragonio,4,4,kirman,Draw,,
Mers,2,6,alosdvxl,alosdvxl,,
kirman,6,6,Mers,Draw,,
hrk,2,3,Dan_dragonio,Dan_dragonio,,
Mers,8,4,hrk,Mers,,
alosdvxl,4,8,kirman,kirman,,
hrk,4,4,alosdvxl,Draw,,
Dan_dragonio,10,6,Mers,Dan_dragonio,,
bucho55,3,5,Groma,Groma,,
Sheva,5,1,Mapiston,Sheva,,
Mapiston,3,3,bucho55,Draw,,
Groma,2,4,fantazer,fantazer,,
fantazer,2,3,Mapiston,Mapiston,,
bucho55,2,2,Sheva,Draw,,
Sheva,1,1,fantazer,Draw,,
Mapiston,1,3,Groma,Groma,,
Groma,1,3,Sheva,Sheva,,
fantazer,2,1,bucho55,fantazer,,
Groma,2,4,bucho55,bucho55,,
Mapiston,6,3,Sheva,Mapiston,,
bucho55,4,3,Mapiston,bucho55,,
fantazer,4,2,Groma,fantazer,,
Mapiston,2,3,fantazer,fantazer,,
Sheva,1,1,bucho55,Draw,,
fantazer,3,1,Sheva,fantazer,,
Groma,2,2,Mapiston,Draw,,
Sheva,2,3,Groma,Groma,,
bucho55,1,3,fantazer,fantazer,,
Stasyan,1,4,L1genda,L1genda,,
Dreamer,3,3,Andrew,Draw,,
Andrew,2,1,Stasyan,Andrew,,
L1genda,1,2,Kostolom89,Kostolom89,,
Kostolom89,2,1,Andrew,Kostolom89,,
Stasyan,3,4,Dreamer,Dreamer,,
Dreamer,4,3,Kostolom89,Dreamer,,
Andrew,1,2,L1genda,L1genda,,
L1genda,3,2,Dreamer,L1genda,,
Kostolom89,3,1,Stasyan,Kostolom89,,
L1genda,2,2,Stasyan,Draw,,
Andrew,2,0,Dreamer,Andrew,,
Stasyan,1,2,Andrew,Andrew,,
Kostolom89,1,2,L1genda,L1genda,,
Andrew,2,1,Kostolom89,Andrew,,
Dreamer,4,6,Stasyan,Stasyan,,
Kostolom89,4,2,Dreamer,Kostolom89,,
L1genda,0,0,Andrew,Draw,,
Dreamer,0,5,L1genda,L1genda,,
Stasyan,2,1,Kostolom89,Stasyan,,
Kril,8,4,vladl3n,Kril,,
Legion,3,3,kirman,Draw,,
kirman,3,3,Kril,Draw,,
vladl3n,7,4,alosdvxl,vladl3n,,
alosdvxl,2,5,kirman,kirman,,
Kril,4,2,Legion,Kril,,
Legion,6,5,alosdvxl,Legion,,
kirman,6,1,vladl3n,kirman,,
vladl3n,6,1,Legion,vladl3n,,
alosdvxl,3,10,Kril,Kril,,
vladl3n,5,2,Kril,vladl3n,,
kirman,2,3,Legion,Legion,,
Kril,2,4,kirman,kirman,,
alosdvxl,7,2,vladl3n,alosdvxl,,
kirman,5,2,alosdvxl,kirman,,
Legion,5,5,Kril,Draw,,
alosdvxl,6,2,Legion,alosdvxl,,
vladl3n,8,4,kirman,vladl3n,,
Legion,5,5,vladl3n,Draw,,
Kril,4,3,alosdvxl,Kril,,
Gula14,1,2,Stasyan,Stasyan,,
Mapiston,3,1,Koss,Mapiston,,
Koss,4,0,Gula14,Koss,,
Stasyan,1,3,Sheva,Sheva,,
Sheva,4,0,Koss,Sheva,,
Gula14,4,3,Mapiston,Gula14,,
Mapiston,2,3,Sheva,Sheva,,
Koss,4,4,Stasyan,Draw,,
Stasyan,4,1,Mapiston,Stasyan,,
Sheva,2,3,Gula14,Gula14,,
Stasyan,1,2,Gula14,Gula14,,
Koss,4,3,Mapiston,Koss,,
Gula14,1,0,Koss,Gula14,,
Sheva,0,2,Stasyan,Stasyan,,
Koss,0,2,Sheva,Sheva,,
Mapiston,3,1,Gula14,Mapiston,,
Sheva,1,1,Mapiston,Draw,,
Stasyan,4,2,Koss,Stasyan,,
Mapiston,2,2,Stasyan,Draw,,
Gula14,0,3,Sheva,Sheva,,
Yerema,4,3,pimchik,Yerema,,
bucho55,2,1,fantazer,bucho55,,
fantazer,3,6,Yerema,Yerema,,
pimchik,3,2,Profik,pimchik,,
Profik,5,3,fantazer,Profik,,
Yerema,2,5,bucho55,bucho55,,
bucho55,1,1,Profik,Draw,,
fantazer,3,3,pimchik,Draw,,
pimchik,3,2,bucho55,pimchik,,
Profik,2,2,Yerema,Draw,,
pimchik,3,3,Yerema,Draw,,
fantazer,3,0,bucho55,fantazer,,
Yerema,1,5,fantazer,fantazer,,
Profik,1,5,pimchik,pimchik,,
fantazer,4,1,Profik,fantazer,,
bucho55,3,7,Yerema,Yerema,,
Profik,3,2,bucho55,Profik,,
pimchik,1,2,fantazer,fantazer,,
bucho55,2,1,pimchik,bucho55,,
Yerema,1,3,Profik,Profik,,
Kril,3,6,vladl3n,vladl3n,,
hrk,4,5,Dan_dragonio,Dan_dragonio,,
Dan_dragonio,2,4,Kril,Kril,,
vladl3n,1,3,alosdvxl,alosdvxl,,
alosdvxl,4,3,Dan_dragonio,alosdvxl,,
Kril,2,2,hrk,Draw,,
hrk,4,7,alosdvxl,alosdvxl,,
Dan_dragonio,3,7,vladl3n,vladl3n,,
vladl3n,5,3,hrk,vladl3n,,
alosdvxl,2,4,Kril,Kril,,
vladl3n,2,4,Kril,Kril,,
Dan_dragonio,6,3,hrk,Dan_dragonio,,
Kril,1,4,Dan_dragonio,Dan_dragonio,,
alosdvxl,4,6,vladl3n,vladl3n,,
Dan_dragonio,5,4,alosdvxl,Dan_dragonio,,
hrk,5,5,Kril,Draw,,
alosdvxl,7,7,hrk,Draw,,
vladl3n,2,4,Dan_dragonio,Dan_dragonio,,
hrk,3,2,vladl3n,hrk,,
Kril,4,4,alosdvxl,Draw,,
Mapiston,4,4,Stasyan,Draw,,
Dreamer,1,3,Gula14,Gula14,,
Gula14,2,3,Mapiston,Mapiston,,
Stasyan,3,2,Andrew,Stasyan,,
Andrew,1,1,Gula14,Draw,,
Mapiston,3,3,Dreamer,Draw,,
Dreamer,4,2,Andrew,Dreamer,,
Gula14,1,2,Stasyan,Stasyan,,
Stasyan,3,2,Dreamer,Stasyan,,
Andrew,3,3,Mapiston,Draw,,
Stasyan,5,1,Mapiston,Stasyan,,
Gula14,3,6,Dreamer,Dreamer,,
Mapiston,0,0,Gula14,Draw,,
Andrew,3,1,Stasyan,Andrew,,
Gula14,1,1,Andrew,Draw,,
Dreamer,1,0,Mapiston,Dreamer,,
Andrew,1,3,Dreamer,Dreamer,,
Stasyan,2,4,Gula14,Gula14,,
Dreamer,0,1,Stasyan,Stasyan,,
Mapiston,1,1,Andrew,Draw,,
fantazer,4,3,Senya,fantazer,,
Kostolom89,3,2,Koss,Kostolom89,,
Koss,1,4,fantazer,fantazer,,
Senya,2,0,Groma,Senya,,
Groma,3,2,Koss,Groma,,
fantazer,5,3,Kostolom89,fantazer,,
Kostolom89,2,5,Groma,Groma,,
Koss,1,2,Senya,Senya,,
Senya,1,1,Kostolom89,Draw,,
Groma,3,1,fantazer,Groma,,
Senya,1,3,fantazer,fantazer,,
Koss,4,1,Kostolom89,Koss,,
fantazer,4,0,Koss,fantazer,,
Groma,1,1,Senya,Draw,,
Koss,2,2,Groma,Draw,,
Kostolom89,1,3,fantazer,fantazer,,
Groma,4,3,Kostolom89,Groma,,
Senya,0,2,Koss,Koss,,
Kostolom89,2,3,Senya,Senya,,
fantazer,3,3,Groma,Draw,,
Kril,2,3,kirman,kirman,,
Radahn,7,3,Dan_dragonio,Radahn,,
Dan_dragonio,0,4,Kril,Kril,,
kirman,3,1,Mers,kirman,,
Mers,9,2,Dan_dragonio,Mers,,
Kril,4,3,Radahn,Kril,,
Radahn,3,3,Mers,Draw,,
Dan_dragonio,4,3,kirman,Dan_dragonio,,
kirman,4,3,Radahn,kirman,,
Mers,4,4,Kril,Draw,,
kirman,5,3,Kril,kirman,,
Dan_dragonio,2,3,Radahn,Radahn,,
Kril,5,3,Dan_dragonio,Kril,,
Mers,4,4,kirman,Draw,,
Dan_dragonio,2,3,Mers,Mers,,
Radahn,5,3,Kril,Radahn,,
Mers,3,5,Radahn,Radahn,,
kirman,3,2,Dan_dragonio,kirman,,
Radahn,4,2,kirman,Radahn,,
Kril,7,3,Mers,Kril,,
Dreamer,2,3,Mapiston,Mapiston,,
pimchik,5,3,Sheva,pimchik,,
Sheva,5,3,Dreamer,Sheva,,
Mapiston,1,3,fantazer,fantazer,,
fantazer,0,1,Sheva,Sheva,,
Dreamer,0,2,pimchik,pimchik,,
pimchik,4,4,fantazer,Draw,,
Sheva,5,2,Mapiston,Sheva,,
Mapiston,4,2,pimchik,Mapiston,,
fantazer,4,2,Dreamer,fantazer,,
Mapiston,2,1,Dreamer,Mapiston,,
Sheva,3,1,pimchik,Sheva,,
Dreamer,4,1,Sheva,Dreamer,,
fantazer,1,4,Mapiston,Mapiston,,
Sheva,4,2,fantazer,Sheva,,
pimchik,2,2,Dreamer,Draw,,
fantazer,3,0,pimchik,fantazer,,
Mapiston,2,1,Sheva,Mapiston,,
pimchik,3,2,Mapiston,pimchik,,
Dreamer,0,5,fantazer,fantazer,,
L1genda,2,0,Profik,L1genda,,
Senya,1,2,Gula14,Gula14,,
Gula14,1,4,L1genda,L1genda,,
Profik,5,2,Andrew,Profik,,
Andrew,0,0,Gula14,Draw,,
L1genda,4,0,Senya,L1genda,,
Senya,4,2,Andrew,Senya,,
Gula14,1,3,Profik,Profik,,
Profik,3,4,Senya,Senya,,
Andrew,4,1,L1genda,Andrew,,
Profik,4,1,L1genda,Profik,,
Gula14,3,1,Senya,Gula14,,
L1genda,2,1,Gula14,L1genda,,
Andrew,1,2,Profik,Profik,,
Gula14,1,3,Andrew,Andrew,,
Senya,1,3,L1genda,L1genda,,
Andrew,1,2,Senya,Senya,,
Profik,2,3,Gula14,Gula14,,
Senya,1,5,Profik,Profik,,
L1genda,0,3,Andrew,Andrew,,
Legion,1,4,vladl3n,vladl3n,,
hrk,5,3,kirman,hrk,,
kirman,6,3,Legion,kirman,,
vladl3n,2,2,Mers,Draw,,
Mers,1,3,kirman,kirman,,
Legion,2,5,hrk,hrk,,
hrk,1,4,Mers,Mers,,
kirman,2,2,vladl3n,Draw,,
vladl3n,3,4,hrk,hrk,,
Mers,5,2,Legion,Mers,,
vladl3n,3,4,Legion,Legion,,
kirman,5,3,hrk,kirman,,
Legion,0,7,kirman,kirman,,
Mers,5,2,vladl3n,Mers,,
kirman,3,1,Mers,kirman,,
hrk,7,8,Legion,Legion,,
Mers,4,4,hrk,Draw,,
vladl3n,5,7,kirman,kirman,,
hrk,2,4,vladl3n,vladl3n,,
Legion,2,5,Mers,Mers,,
Stasyan,3,0,Mapiston,Stasyan,,
Sheva,2,2,Koss,Draw,,
Koss,5,2,Stasyan,Koss,,
Mapiston,3,2,Dreamer,Mapiston,,
Dreamer,3,6,Koss,Koss,,
Stasyan,1,3,Sheva,Sheva,,
Sheva,3,0,Dreamer,Sheva,,
Koss,1,3,Mapiston,Mapiston,,
Mapiston,2,0,Sheva,Mapiston,,
Dreamer,1,2,Stasyan,Stasyan,,
Mapiston,0,0,Stasyan,Draw,,
Koss,1,4,Sheva,Sheva,,
Stasyan,2,2,Koss,Draw,,
Dreamer,2,4,Mapiston,Mapiston,,
Koss,2,1,Dreamer,Koss,,
Sheva,2,4,Stasyan,Stasyan,,
Dreamer,1,4,Sheva,Sheva,,
Mapiston,3,2,Koss,Mapiston,,
Sheva,3,2,Mapiston,Sheva,,
Stasyan,1,2,Dreamer,Dreamer,,
Profik,4,2,pimchik,Profik,,
Senya,1,3,fantazer,fantazer,,
fantazer,4,3,Profik,fantazer,,
pimchik,3,2,Groma,pimchik,,
Groma,1,3,fantazer,fantazer,,
Profik,3,1,Senya,Profik,,
Senya,3,2,Groma,Senya,,
fantazer,2,3,pimchik,pimchik,,
pimchik,3,2,Senya,pimchik,,
Groma,2,1,Profik,Groma,,
pimchik,2,1,Profik,pimchik,,
fantazer,5,2,Senya,fantazer,,
Profik,6,2,fantazer,Profik,,
Groma,2,1,pimchik,Groma,,
fantazer,3,2,Groma,fantazer,,
Senya,2,0,Profik,Senya,,
Groma,3,2,Senya,Groma,,
pimchik,0,0,fantazer,Draw,,
Senya,3,3,pimchik,Draw,,
Profik,2,3,Groma,Groma,,
Kril,7,9,vladl3n,vladl3n,,
kirman,4,2,Dan_dragonio,kirman,,
Dan_dragonio,2,4,Kril,Kril,,
vladl3n,2,4,Mers,Mers,,
Mers,5,7,Dan_dragonio,Dan_dragonio,,
Kril,6,4,kirman,Kril,,
kirman,5,6,Mers,Mers,,
Dan_dragonio,1,6,vladl3n,vladl3n,,
vladl3n,3,3,kirman,Draw,,
Mers,1,1,Kril,Draw,,
vladl3n,3,4,Kril,Kril,,
Dan_dragonio,5,2,kirman,Dan_dragonio,,
Kril,8,4,Dan_dragonio,Kril,,
Mers,3,2,vladl3n,Mers,,
Dan_dragonio,4,7,Mers,Mers,,
kirman,3,4,Kril,Kril,,
Mers,1,4,kirman,kirman,,
vladl3n,4,0,Dan_dragonio,vladl3n,,
kirman,4,3,vladl3n,kirman,,
Kril,7,5,Mers,Kril,,
Kolesya,3,0,L1genda,Kolesya,,
Dreamer,3,3,Andrew,Draw,,
Andrew,3,2,Kolesya,Andrew,,
L1genda,2,1,Senya,L1genda,,
Senya,2,2,Andrew,Draw,,
Kolesya,3,1,Dreamer,Kolesya,,
Dreamer,1,3,Senya,Senya,,
Andrew,2,2,L1genda,Draw,,
L1genda,1,4,Dreamer,Dreamer,,
Senya,2,1,Kolesya,Senya,,
L1genda,1,4,Kolesya,Kolesya,,
Andrew,4,2,Dreamer,Andrew,,
Kolesya,5,2,Andrew,Kolesya,,
Senya,2,1,L1genda,Senya,,
Andrew,3,2,Senya,Andrew,,
Dreamer,2,1,Kolesya,Dreamer,,
Senya,1,2,Dreamer,Dreamer,,
L1genda,3,5,Andrew,Andrew,,
Dreamer,1,2,L1genda,L1genda,,
Kolesya,5,3,Senya,Kolesya,,
fantazer,3,0,Yerema,fantazer,,
Bob,4,1,bucho55,Bob,,
bucho55,1,2,fantazer,fantazer,,
Yerema,1,5,Koss,Koss,,
Koss,1,3,bucho55,bucho55,,
fantazer,0,1,Bob,Bob,,
Bob,1,2,Koss,Koss,,
bucho55,7,3,Yerema,bucho55,,
Yerema,2,3,Bob,Bob,,
Koss,0,4,fantazer,fantazer,,
Yerema,0,5,fantazer,fantazer,,
bucho55,3,4,Bob,Bob,,
fantazer,3,2,bucho55,fantazer,,
Koss,2,3,Yerema,Yerema,,
bucho55,1,2,Koss,Koss,,
Bob,1,2,fantazer,fantazer,,
Koss,0,5,Bob,Bob,,
Yerema,2,5,bucho55,bucho55,,
Bob,5,2,Yerema,Bob,,
fantazer,4,2,Koss,fantazer,,
Legion,1,3,Radahn,Radahn,,
alosdvxl,2,4,hrk,hrk,,
hrk,3,0,Legion,hrk,,
Radahn,1,2,Mers,Mers,,
Mers,1,2,hrk,hrk,,
Legion,3,7,alosdvxl,alosdvxl,,
alosdvxl,4,4,Mers,Draw,,
hrk,2,4,Radahn,Radahn,,
Radahn,5,2,alosdvxl,Radahn,,
Mers,4,3,Legion,Mers,,
Radahn,7,1,Legion,Radahn,,
hrk,3,6,alosdvxl,alosdvxl,,
Legion,4,2,hrk,Legion,,
Mers,1,3,Radahn,Radahn,,
hrk,1,3,Mers,Mers,,
alosdvxl,7,4,Legion,alosdvxl,,
Mers,3,6,alosdvxl,alosdvxl,,
Radahn,2,5,hrk,hrk,,
alosdvxl,2,6,Radahn,Radahn,,
Legion,1,3,Mers,Mers,,
Senya,1,3,Gula14,Gula14,,
Dreamer,4,2,bucho55,Dreamer,,
bucho55,1,2,Senya,Senya,,
Gula14,1,5,fantazer,fantazer,,
fantazer,2,0,bucho55,fantazer,,
Senya,2,2,Dreamer,Draw,,
Dreamer,2,5,fantazer,fantazer,,
bucho55,1,2,Gula14,Gula14,,
Gula14,0,1,Dreamer,Dreamer,,
fantazer,3,0,Senya,fantazer,,
Gula14,1,2,Senya,Senya,,
bucho55,2,0,Dreamer,bucho55,,
Senya,1,4,bucho55,bucho55,,
fantazer,3,3,Gula14,Draw,,
bucho55,0,2,fantazer,fantazer,,
Dreamer,2,1,Senya,Dreamer,,
fantazer,1,0,Dreamer,fantazer,,
Gula14,0,0,bucho55,Draw,,
Dreamer,1,3,Gula14,Gula14,,
Senya,0,3,fantazer,fantazer,,
L1genda,6,5,Yerema,L1genda,,
Bob,2,3,Koss,Koss,,
Koss,2,4,L1genda,L1genda,,
Yerema,2,4,Profik,Profik,,
Profik,1,4,Koss,Koss,,
L1genda,4,3,Bob,L1genda,,
Bob,1,3,Profik,Profik,,
Koss,3,5,Yerema,Yerema,,
Yerema,1,3,Bob,Bob,,
Profik,3,3,L1genda,Draw,,
Yerema,4,7,L1genda,L1genda,,
Koss,3,5,Bob,Bob,,
L1genda,3,1,Koss,L1genda,,
Profik,4,4,Yerema,Draw,,
Koss,1,0,Profik,Koss,,
Bob,6,4,L1genda,Bob,,
Profik,0,1,Bob,Bob,,
Yerema,3,1,Koss,Yerema,,
Bob,7,1,Yerema,Bob,,
L1genda,2,2,Profik,Draw,,
Legion,4,5,Dan_dragonio,Dan_dragonio,,
alosdvxl,4,2,hrk,alosdvxl,,
hrk,1,0,Legion,hrk,,
Dan_dragonio,4,4,kirman,Draw,,
kirman,4,4,hrk,Draw,,
Legion,4,7,alosdvxl,alosdvxl,,
alosdvxl,4,5,kirman,kirman,,
hrk,3,5,Dan_dragonio,Dan_dragonio,,
Dan_dragonio,8,4,alosdvxl,Dan_dragonio,,
kirman,5,5,Legion,Draw,,
Dan_dragonio,2,6,Legion,Legion,,
hrk,6,6,alosdvxl,Draw,,
Legion,3,5,hrk,hrk,,
kirman,5,2,Dan_dragonio,kirman,,
hrk,3,2,kirman,hrk,,
alosdvxl,4,4,Legion,Draw,,
kirman,5,2,alosdvxl,kirman,,
Dan_dragonio,2,3,hrk,hrk,,
alosdvxl,5,3,Dan_dragonio,alosdvxl,,
Legion,3,7,kirman,kirman,,
Dreamer,3,2,bucho55,Dreamer,,
Mapiston,3,1,Sheva,Mapiston,,
Sheva,4,1,Dreamer,Sheva,,
bucho55,3,2,Gula14,bucho55,,
Gula14,0,2,Sheva,Sheva,,
Dreamer,0,1,Mapiston,Mapiston,,
Mapiston,1,2,Gula14,Gula14,,
Sheva,2,3,bucho55,bucho55,,
bucho55,1,3,Mapiston,Mapiston,,
Gula14,2,0,Dreamer,Gula14,,
bucho55,3,3,Dreamer,Draw,,
Sheva,4,3,Mapiston,Sheva,,
Dreamer,4,3,Sheva,Dreamer,,
Gula14,2,2,bucho55,Draw,,
Sheva,2,1,Gula14,Sheva,,
Mapiston,3,0,Dreamer,Mapiston,,
Gula14,1,0,Mapiston,Gula14,,
bucho55,0,2,Sheva,Sheva,,
Mapiston,3,0,bucho55,Mapiston,,
Dreamer,0,1,Gula14,Gula14,,
Groma,3,0,Bob,Groma,,
fantazer,4,2,Kostolom89,fantazer,,
Kostolom89,3,3,Groma,Draw,,
Bob,3,2,Andrew,Bob,,
Andrew,2,3,Kostolom89,Kostolom89,,
Groma,0,2,fantazer,fantazer,,
fantazer,3,1,Andrew,fantazer,,
Kostolom89,4,2,Bob,Kostolom89,,
Bob,1,3,fantazer,fantazer,,
Andrew,3,3,Groma,Draw,,
Bob,4,2,Groma,Bob,,
Kostolom89,1,2,fantazer,fantazer,,
Groma,3,3,Kostolom89,Draw,,
Andrew,5,4,Bob,Andrew,,
Kostolom89,2,3,Andrew,Andrew,,
fantazer,1,2,Groma,Groma,,
Andrew,1,3,fantazer,fantazer,,
Bob,4,5,Kostolom89,Kostolom89,,
fantazer,5,0,Bob,fantazer,,
Groma,2,1,Andrew,Groma,,
